ISIN,MarketSegment,UnderlyingSymbol,UnderlyingISIN,Currency,SecurityType,MaturityDate,StrikePrice,PutOrCall,MLEG,ContractGenerationNumber,SecurityID,Date,Time,StartPrice,MaxPrice,MinPrice,EndPrice,NumberOfContracts,NumberOfTrades
"DE000C0HRXQ3","FGBL",,,"EUR","FUT",20170907,,,,,2150978,2017-07-28,19:00,161.98,161.99,161.96,161.96,307,27
"DE000C0HRXR1","FGBM",,,"EUR","FUT",20170907,,,,,2150979,2017-07-28,19:00,132.11,132.12,132.11,132.11,59,4
"DE000C0HRXS9","FGBS",,,"EUR","FUT",20170907,,,,,2150980,2017-07-28,19:00,112.075,112.075,112.075,112.075,139,1
"DE000C0HRXT7","FGBX",,,"EUR","FUT",20170907,,,,,2150981,2017-07-28,19:00,161.52,161.52,161.5,161.5,24,6
"DE000C0JK5K6","FDAX","DAX","DE0008469008","EUR","FUT",20170915,,,,,2163021,2017-07-28,19:00,12160,12160.5,12159.5,12160,18,13
"DE000C0JK5P5","FDXM","DAX","DE0008469008","EUR","FUT",20170915,,,,,2163025,2017-07-28,19:00,12160,12161,12160,12160,6,4
"DE000C0JK6C1","FESX","SX5E","EU0009658145","EUR","FUT",20170915,,,,,2163048,2017-07-28,19:00,3462,3462,3461,3461,22,3
"DE000C0JK750","FSMI","SMI","CH0009980894","CHF","FUT",20170915,,,,,2163075,2017-07-28,19:00,9030,9030,9030,9030,1,1
"DE000C0QPTZ7","OKS2","FKS2","XC0009664639","KRW","OPT",20170810,302.5,"Put",,1,2285615,2017-07-28,19:00,0.4,0.4,0.4,0.4,8,1
"DE000C0Z49H7","OKS2","FKS2","XC0009664639","KRW","OPT",20170810,325,"Call",,1,2416017,2017-07-28,19:00,0.12,0.12,0.12,0.12,1,1
"DE000C0HRXQ3","FGBL",,,"EUR","FUT",20170907,,,,,2150978,2017-07-28,19:01,161.97,161.97,161.96,161.97,17,4
"DE000C0HRXR1","FGBM",,,"EUR","FUT",20170907,,,,,2150979,2017-07-28,19:01,132.11,132.11,132.11,132.11,51,2
"DE000C0HRXS9","FGBS",,,"EUR","FUT",20170907,,,,,2150980,2017-07-28,19:01,112.075,112.075,112.075,112.075,5,1
"DE000C0JK5K6","FDAX","DAX","DE0008469008","EUR","FUT",20170915,,,,,2163021,2017-07-28,19:01,12160.5,12161.5,12160.5,12160.5,21,17
"DE000C0JK5P5","FDXM","DAX","DE0008469008","EUR","FUT",20170915,,,,,2163025,2017-07-28,19:01,12161,12161,12161,12161,2,1
"DE000C0JK5V3","FESB","SX7E","EU0009658426","EUR","FUT",20170915,,,,,2163031,2017-07-28,19:01,136.2,136.2,136.2,136.2,14,1
"DE000C0JK6C1","FESX","SX5E","EU0009658145","EUR","FUT",20170915,,,,,2163048,2017-07-28,19:01,3461,3461,3461,3461,132,2
"DE000C0KMAP8","FVS","V2TX","DE000A0C3QF1","EUR","FUT",20170816,,,,,2195792,2017-07-28,19:01,14.6,14.6,14.6,14.6,8,2
"DE000C0M6PH6","FVS","V2TX","DE000A0C3QF1","EUR","FUT",20170920,,,,,2223995,2017-07-28,19:01,15.7,15.7,15.7,15.7,8,2
"DE000C0M7Z06","FVS","V2TX","DE000A0C3QF1","EUR","MLEG",,,,"FVS.S.AUG17.SEP17",,72061120206078301,2017-07-28,19:01,-1.1,-1.1,-1.1,-1.1,8,2
"DE000C0HRXQ3","FGBL",,,"EUR","FUT",20170907,,,,,2150978,2017-07-28,19:02,161.96,161.97,161.96,161.97,16,4
"DE000C0JK5K6","FDAX","DAX","DE0008469008","EUR","FUT",20170915,,,,,2163021,2017-07-28,19:02,12160.5,12161,12160.5,12161,4,4
"DE000C0JK6C1","FESX","SX5E","EU0009658145","EUR","FUT",20170915,,,,,2163048,2017-07-28,19:02,3461,3461,3461,3461,5,1
"DE000C0HRXQ3","FGBL",,,"EUR","FUT",20170907,,,,,2150978,2017-07-28,19:03,161.96,161.97,161.96,161.97,99,29
"DE000C0JK5K6","FDAX","DAX","DE0008469008","EUR","FUT",20170915,,,,,2163021,2017-07-28,19:03,12160.5,12161,12160,12161,7,4
"DE000C0JK5P5","FDXM","DAX","DE0008469008","EUR","FUT",20170915,,,,,2163025,2017-07-28,19:03,12161,12161,12161,12161,1,1
"DE000C0JK6C1","FESX","SX5E","EU0009658145","EUR","FUT",20170915,,,,,2163048,2017-07-28,19:03,3461,3461,3461,3461,56,6
"DE000C0HRXQ3","FGBL",,,"EUR","FUT",20170907,,,,,2150978,2017-07-28,19:04,161.96,161.97,161.96,161.97,26,7
"DE000C0JK5K6","FDAX","DAX","DE0008469008","EUR","FUT",20170915,,,,,2163021,2017-07-28,19:04,12160.5,12161,12160.5,12160.5,7,4
"DE000C0JK6C1","FESX","SX5E","EU0009658145","EUR","FUT",20170915,,,,,2163048,2017-07-28,19:04,3461,3461,3461,3461,5,1
"DE000C0JK750","FSMI","SMI","CH0009980894","CHF","FUT",20170915,,,,,2163075,2017-07-28,19:04,9029,9029,9029,9029,1,1
"DE000C0HRXQ3","FGBL",,,"EUR","FUT",20170907,,,,,2150978,2017-07-28,19:05,161.97,161.97,161.95,161.96,74,5
"DE000C0HRXR1","FGBM",,,"EUR","FUT",20170907,,,,,2150979,2017-07-28,19:05,132.1,132.1,132.1,132.1,32,14
"DE000C0HRXT7","FGBX",,,"EUR","FUT",20170907,,,,,2150981,2017-07-28,19:05,161.52,161.52,161.52,161.52,2,2
"DE000C0JK5K6","FDAX","DAX","DE0008469008","EUR","FUT",20170915,,,,,2163021,2017-07-28,19:05,12160,12160,12159,12160,51,29
"DE000C0JK5V3","FESB","SX7E","EU0009658426","EUR","FUT",20170915,,,,,2163031,2017-07-28,19:05,136.1,136.1,136.1,136.1,1,1
"DE000C0JK6C1","FESX","SX5E","EU0009658145","EUR","FUT",20170915,,,,,2163048,2017-07-28,19:05,3461,3462,3460,3461,1148,51
"DE000C0HRXQ3","FGBL",,,"EUR","FUT",20170907,,,,,2150978,2017-07-28,19:06,161.96,161.96,161.95,161.96,21,9
"DE000C0JK5K6","FDAX","DAX","DE0008469008","EUR","FUT",20170915,,,,,2163021,2017-07-28,19:06,12159.5,12159.5,12159.5,12159.5,11,7
"DE000C0JK6C1","FESX","SX5E","EU0009658145","EUR","FUT",20170915,,,,,2163048,2017-07-28,19:06,3460,3460,3460,3460,5,1
"DE000C0HRXQ3","FGBL",,,"EUR","FUT",20170907,,,,,2150978,2017-07-28,19:07,161.97,161.97,161.96,161.97,18,6
"DE000C0HRXR1","FGBM",,,"EUR","FUT",20170907,,,,,2150979,2017-07-28,19:07,132.1,132.1,132.1,132.1,6,2
"DE000C0JK5K6","FDAX","DAX","DE0008469008","EUR","FUT",20170915,,,,,2163021,2017-07-28,19:07,12159,12159,12158.5,12159,14,10
"DE000C0JK5P5","FDXM","DAX","DE0008469008","EUR","FUT",20170915,,,,,2163025,2017-07-28,19:07,12159,12159,12159,12159,1,1
"DE000C0JK6C1","FESX","SX5E","EU0009658145","EUR","FUT",20170915,,,,,2163048,2017-07-28,19:07,3460,3460,3460,3460,5,1
"DE000C0HRXQ3","FGBL",,,"EUR","FUT",20170907,,,,,2150978,2017-07-28,19:08,161.97,161.97,161.96,161.96,26,8
"DE000C0HRXR1","FGBM",,,"EUR","FUT",20170907,,,,,2150979,2017-07-28,19:08,132.1,132.1,132.1,132.1,5,5
"DE000C0JK5K6","FDAX","DAX","DE0008469008","EUR","FUT",20170915,,,,,2163021,2017-07-28,19:08,12159.5,12160,12159.5,12160,5,4
"DE000C0JK6C1","FESX","SX5E","EU0009658145","EUR","FUT",20170915,,,,,2163048,2017-07-28,19:08,3461,3461,3460,3460,12,3
"DE000C0NSEM8","FESX","SX5E","EU0009658145","EUR","FUT",20171215,,,,,2258376,2017-07-28,19:08,3448,3448,3448,3448,2,1
"DE000C0HRXQ3","FGBL",,,"EUR","FUT",20170907,,,,,2150978,2017-07-28,19:09,161.96,161.96,161.95,161.95,58,14
"DE000C0HRXT7","FGBX",,,"EUR","FUT",20170907,,,,,2150981,2017-07-28,19:09,161.5,161.5,161.5,161.5,1,1
"DE000C0JK5K6","FDAX","DAX","DE0008469008","EUR","FUT",20170915,,,,,2163021,2017-07-28,19:09,12159.5,12161.5,12159.5,12161.5,10,6
"DE000C0JK6C1","FESX","SX5E","EU0009658145","EUR","FUT",20170915,,,,,2163048,2017-07-28,19:09,3461,3461,3461,3461,407,6
"DE000C0HRXQ3","FGBL",,,"EUR","FUT",20170907,,,,,2150978,2017-07-28,19:10,161.95,161.96,161.95,161.96,139,23
"DE000C0HRXS9","FGBS",,,"EUR","FUT",20170907,,,,,2150980,2017-07-28,19:10,112.075,112.075,112.075,112.075,13,1
"DE000C0HRXT7","FGBX",,,"EUR","FUT",20170907,,,,,2150981,2017-07-28,19:10,161.52,161.52,161.52,161.52,1,1
"DE000C0JK5K6","FDAX","DAX","DE0008469008","EUR","FUT",20170915,,,,,2163021,2017-07-28,19:10,12160.5,12161,12160.5,12160.5,5,4
"DE000C0JK5P5","FDXM","DAX","DE0008469008","EUR","FUT",20170915,,,,,2163025,2017-07-28,19:10,12162,12162,12162,12162,1,1
"DE000C0JK6C1","FESX","SX5E","EU0009658145","EUR","FUT",20170915,,,,,2163048,2017-07-28,19:10,3462,3462,3461,3461,8,2
"DE000C0HRXQ3","FGBL",,,"EUR","FUT",20170907,,,,,2150978,2017-07-28,19:11,161.96,161.97,161.96,161.97,20,9
"DE000C0JK5K6","FDAX","DAX","DE0008469008","EUR","FUT",20170915,,,,,2163021,2017-07-28,19:11,12160.5,12160.5,12160,12160,3,3
"DE000C0JK6C1","FESX","SX5E","EU0009658145","EUR","FUT",20170915,,,,,2163048,2017-07-28,19:11,3461,3461,3461,3461,5,1
"DE000C0T9T56","FDAX","DAX","DE0008469008","EUR","FUT",20171215,,,,,2318276,2017-07-28,19:11,12150.5,12150.5,12150.5,12150.5,1,1
"DE000C0U6E47","FDAX","DAX","DE0008469008","EUR","MLEG",,,,"FDAX.S.SEP17.DEC17",,72060123773665314,2017-07-28,19:11,10,10,10,10,1,1
"DE000C0HRXQ3","FGBL",,,"EUR","FUT",20170907,,,,,2150978,2017-07-28,19:12,161.97,161.97,161.97,161.97,17,4
"DE000C0HRXR1","FGBM",,,"EUR","FUT",20170907,,,,,2150979,2017-07-28,19:12,132.1,132.1,132.1,132.1,29,3
"DE000C0HRXT7","FGBX",,,"EUR","FUT",20170907,,,,,2150981,2017-07-28,19:12,161.54,161.56,161.54,161.54,24,5
"DE000C0JK5K6","FDAX","DAX","DE0008469008","EUR","FUT",20170915,,,,,2163021,2017-07-28,19:12,12160,12160,12159.5,12159.5,5,5
"DE000C0JK6C1","FESX","SX5E","EU0009658145","EUR","FUT",20170915,,,,,2163048,2017-07-28,19:12,3462,3462,3461,3461,158,30
"DE000C0HRXQ3","FGBL",,,"EUR","FUT",20170907,,,,,2150978,2017-07-28,19:13,161.97,161.98,161.97,161.98,37,8
"DE000C0HRXR1","FGBM",,,"EUR","FUT",20170907,,,,,2150979,2017-07-28,19:13,132.1,132.1,132.1,132.1,1,1
"DE000C0HRXT7","FGBX",,,"EUR","FUT",20170907,,,,,2150981,2017-07-28,19:13,161.56,161.56,161.56,161.56,1,1
"DE000C0JK5K6","FDAX","DAX","DE0008469008","EUR","FUT",20170915,,,,,2163021,2017-07-28,19:13,12159,12159.5,12159,12159.5,4,3
"DE000C0JK6C1","FESX","SX5E","EU0009658145","EUR","FUT",20170915,,,,,2163048,2017-07-28,19:13,3460,3460,3460,3460,10,3
"DE000C0HRXQ3","FGBL",,,"EUR","FUT",20170907,,,,,2150978,2017-07-28,19:14,161.98,161.98,161.97,161.98,28,5
"DE000C0HRXR1","FGBM",,,"EUR","FUT",20170907,,,,,2150979,2017-07-28,19:14,132.1,132.1,132.1,132.1,26,5
"DE000C0JK5K6","FDAX","DAX","DE0008469008","EUR","FUT",20170915,,,,,2163021,2017-07-28,19:14,12159.5,12160,12159.5,12159.5,4,3
"DE000C0JK5V3","FESB","SX7E","EU0009658426","EUR","FUT",20170915,,,,,2163031,2017-07-28,19:14,136.1,136.1,136.1,136.1,1,1
"DE000C0JK6C1","FESX","SX5E","EU0009658145","EUR","FUT",20170915,,,,,2163048,2017-07-28,19:14,3461,3461,3461,3461,217,2
"DE000C0KMAP8","FVS","V2TX","DE000A0C3QF1","EUR","FUT",20170816,,,,,2195792,2017-07-28,19:14,14.65,14.65,14.65,14.65,7,1
"DE000C0M6PH6","FVS","V2TX","DE000A0C3QF1","EUR","FUT",20170920,,,,,2223995,2017-07-28,19:14,15.7,15.7,15.7,15.7,4,1
"DE000C0HRXQ3","FGBL",,,"EUR","FUT",20170907,,,,,2150978,2017-07-28,19:15,161.98,161.98,161.98,161.98,15,4
"DE000C0JK5K6","FDAX","DAX","DE0008469008","EUR","FUT",20170915,,,,,2163021,2017-07-28,19:15,12159.5,12159.5,12158,12158,32,19
"DE000C0JK5P5","FDXM","DAX","DE0008469008","EUR","FUT",20170915,,,,,2163025,2017-07-28,19:15,12160,12160,12157,12158,10,8
"DE000C0JK6C1","FESX","SX5E","EU0009658145","EUR","FUT",20170915,,,,,2163048,2017-07-28,19:15,3461,3461,3460,3460,329,5
"DE000C0JK750","FSMI","SMI","CH0009980894","CHF","FUT",20170915,,,,,2163075,2017-07-28,19:15,9028,9028,9027,9027,2,2
"DE000C0HRXQ3","FGBL",,,"EUR","FUT",20170907,,,,,2150978,2017-07-28,19:16,161.97,161.98,161.97,161.98,22,4
"DE000C0JK5K6","FDAX","DAX","DE0008469008","EUR","FUT",20170915,,,,,2163021,2017-07-28,19:16,12159,12159,12159,12159,1,1
"DE000C0JK5P5","FDXM","DAX","DE0008469008","EUR","FUT",20170915,,,,,2163025,2017-07-28,19:16,12159,12159,12159,12159,2,1
"DE000C0JK6C1","FESX","SX5E","EU0009658145","EUR","FUT",20170915,,,,,2163048,2017-07-28,19:16,3460,3460,3460,3460,6,2
"DE000C0HRXQ3","FGBL",,,"EUR","FUT",20170907,,,,,2150978,2017-07-28,19:17,161.98,161.98,161.98,161.98,13,3
"DE000C0JK5K6","FDAX","DAX","DE0008469008","EUR","FUT",20170915,,,,,2163021,2017-07-28,19:17,12159,12160,12159,12160,10,7
"DE000C0JK6C1","FESX","SX5E","EU0009658145","EUR","FUT",20170915,,,,,2163048,2017-07-28,19:17,3461,3461,3461,3461,234,15
"DE000C0HRXQ3","FGBL",,,"EUR","FUT",20170907,,,,,2150978,2017-07-28,19:18,161.98,161.98,161.98,161.98,12,2
"DE000C0JK5K6","FDAX","DAX","DE0008469008","EUR","FUT",20170915,,,,,2163021,2017-07-28,19:18,12159,12159.5,12159,12159.5,11,9
"DE000C0JK6C1","FESX","SX5E","EU0009658145","EUR","FUT",20170915,,,,,2163048,2017-07-28,19:18,3460,3461,3460,3461,185,15
"DE000C0JK750","FSMI","SMI","CH0009980894","CHF","FUT",20170915,,,,,2163075,2017-07-28,19:18,9027,9027,9027,9027,3,2
"DE000C0HRXQ3","FGBL",,,"EUR","FUT",20170907,,,,,2150978,2017-07-28,19:19,161.97,161.97,161.97,161.97,32,7
"DE000C0HRXT7","FGBX",,,"EUR","FUT",20170907,,,,,2150981,2017-07-28,19:19,161.56,161.56,161.56,161.56,1,1
"DE000C0JK5K6","FDAX","DAX","DE0008469008","EUR","FUT",20170915,,,,,2163021,2017-07-28,19:19,12160,12160.5,12160,12160,9,8
"DE000C0JK6C1","FESX","SX5E","EU0009658145","EUR","FUT",20170915,,,,,2163048,2017-07-28,19:19,3461,3461,3461,3461,8,2
"DE000C0HRXQ3","FGBL",,,"EUR","FUT",20170907,,,,,2150978,2017-07-28,19:20,161.97,161.98,161.97,161.98,63,9
"DE000C0JK5K6","FDAX","DAX","DE0008469008","EUR","FUT",20170915,,,,,2163021,2017-07-28,19:20,12159,12159,12158,12158,7,6
"DE000C0JK5P5","FDXM","DAX","DE0008469008","EUR","FUT",20170915,,,,,2163025,2017-07-28,19:20,12159,12159,12158,12158,3,2
"DE000C0JK6C1","FESX","SX5E","EU0009658145","EUR","FUT",20170915,,,,,2163048,2017-07-28,19:20,3461,3461,3460,3460,110,13
"DE000C0JK750","FSMI","SMI","CH0009980894","CHF","FUT",20170915,,,,,2163075,2017-07-28,19:20,9027,9027,9027,9027,2,1
"DE000C0HRXQ3","FGBL",,,"EUR","FUT",20170907,,,,,2150978,2017-07-28,19:21,161.98,161.98,161.97,161.98,78,9
"DE000C0JK5K6","FDAX","DAX","DE0008469008","EUR","FUT",20170915,,,,,2163021,2017-07-28,19:21,12157.5,12158,12157,12158,17,7
"DE000C0JK5P5","FDXM","DAX","DE0008469008","EUR","FUT",20170915,,,,,2163025,2017-07-28,19:21,12159,12159,12157,12157,3,2
"DE000C0JK6C1","FESX","SX5E","EU0009658145","EUR","FUT",20170915,,,,,2163048,2017-07-28,19:21,3460,3460,3460,3460,5,1
"DE000C0HRXQ3","FGBL",,,"EUR","FUT",20170907,,,,,2150978,2017-07-28,19:22,161.98,161.99,161.98,161.99,21,9
"DE000C0JK5K6","FDAX","DAX","DE0008469008","EUR","FUT",20170915,,,,,2163021,2017-07-28,19:22,12158.5,12159,12158,12159,10,7
"DE000C0JK6C1","FESX","SX5E","EU0009658145","EUR","FUT",20170915,,,,,2163048,2017-07-28,19:22,3461,3461,3461,3461,81,5
"DE000C0HRXQ3","FGBL",,,"EUR","FUT",20170907,,,,,2150978,2017-07-28,19:23,161.99,161.99,161.99,161.99,13,4
"DE000C0JK5K6","FDAX","DAX","DE0008469008","EUR","FUT",20170915,,,,,2163021,2017-07-28,19:23,12159,12159.5,12158,12159,13,6
"DE000C0JK5P5","FDXM","DAX","DE0008469008","EUR","FUT",20170915,,,,,2163025,2017-07-28,19:23,12159,12159,12159,12159,1,1
"DE000C0JK6C1","FESX","SX5E","EU0009658145","EUR","FUT",20170915,,,,,2163048,2017-07-28,19:23,3461,3461,3461,3461,5,1
"DE000C0JK750","FSMI","SMI","CH0009980894","CHF","FUT",20170915,,,,,2163075,2017-07-28,19:23,9028,9030,9028,9030,3,2
"DE000C0HRXQ3","FGBL",,,"EUR","FUT",20170907,,,,,2150978,2017-07-28,19:24,161.99,161.99,161.99,161.99,17,5
"DE000C0JK5K6","FDAX","DAX","DE0008469008","EUR","FUT",20170915,,,,,2163021,2017-07-28,19:24,12159,12159.5,12159,12159,3,3
"DE000C0JK6C1","FESX","SX5E","EU0009658145","EUR","FUT",20170915,,,,,2163048,2017-07-28,19:24,3462,3462,3462,3462,1,1
"DE000C0JK750","FSMI","SMI","CH0009980894","CHF","FUT",20170915,,,,,2163075,2017-07-28,19:24,9030,9030,9030,9030,1,1
"DE000C0HRXQ3","FGBL",,,"EUR","FUT",20170907,,,,,2150978,2017-07-28,19:25,161.99,161.99,161.99,161.99,13,4
"DE000C0HRXT7","FGBX",,,"EUR","FUT",20170907,,,,,2150981,2017-07-28,19:25,161.58,161.58,161.58,161.58,8,1
"DE000C0JK5K6","FDAX","DAX","DE0008469008","EUR","FUT",20170915,,,,,2163021,2017-07-28,19:25,12159,12159,12158.5,12158.5,8,5
"DE000C0JK6C1","FESX","SX5E","EU0009658145","EUR","FUT",20170915,,,,,2163048,2017-07-28,19:25,3461,3462,3461,3462,37,4
"DE000C0JK750","FSMI","SMI","CH0009980894","CHF","FUT",20170915,,,,,2163075,2017-07-28,19:25,9031,9031,9031,9031,5,2
"DE000C0HRXQ3","FGBL",,,"EUR","FUT",20170907,,,,,2150978,2017-07-28,19:26,161.99,162,161.99,161.99,29,7
"DE000C0HRXT7","FGBX",,,"EUR","FUT",20170907,,,,,2150981,2017-07-28,19:26,161.58,161.58,161.58,161.58,28,9
"DE000C0JK5K6","FDAX","DAX","DE0008469008","EUR","FUT",20170915,,,,,2163021,2017-07-28,19:26,12158,12158,12158,12158,1,1
"DE000C0JK5V3","FESB","SX7E","EU0009658426","EUR","FUT",20170915,,,,,2163031,2017-07-28,19:26,136.1,136.1,136.1,136.1,1,1
"DE000C0JK6C1","FESX","SX5E","EU0009658145","EUR","FUT",20170915,,,,,2163048,2017-07-28,19:26,3461,3461,3461,3461,6,2
"DE000C0HRXQ3","FGBL",,,"EUR","FUT",20170907,,,,,2150978,2017-07-28,19:27,161.99,161.99,161.98,161.99,44,9
"DE000C0JK5K6","FDAX","DAX","DE0008469008","EUR","FUT",20170915,,,,,2163021,2017-07-28,19:27,12157.5,12157.5,12157,12157.5,25,19
"DE000C0JK6C1","FESX","SX5E","EU0009658145","EUR","FUT",20170915,,,,,2163048,2017-07-28,19:27,3461,3461,3461,3461,170,18
"DE000C0HRXQ3","FGBL",,,"EUR","FUT",20170907,,,,,2150978,2017-07-28,19:28,161.99,162,161.99,161.99,21,8
"DE000C0HRXR1","FGBM",,,"EUR","FUT",20170907,,,,,2150979,2017-07-28,19:28,132.11,132.11,132.11,132.11,1,1
"DE000C0HRXT7","FGBX",,,"EUR","FUT",20170907,,,,,2150981,2017-07-28,19:28,161.6,161.6,161.6,161.6,3,1
"DE000C0JK5K6","FDAX","DAX","DE0008469008","EUR","FUT",20170915,,,,,2163021,2017-07-28,19:28,12157.5,12158,12157.5,12157.5,15,7
"DE000C0JK5P5","FDXM","DAX","DE0008469008","EUR","FUT",20170915,,,,,2163025,2017-07-28,19:28,12157,12157,12157,12157,2,2
"DE000C0JK6C1","FESX","SX5E","EU0009658145","EUR","FUT",20170915,,,,,2163048,2017-07-28,19:28,3461,3462,3461,3462,97,4
"DE000C0JK750","FSMI","SMI","CH0009980894","CHF","FUT",20170915,,,,,2163075,2017-07-28,19:28,9029,9029,9029,9029,2,2
"DE000C0HRXQ3","FGBL",,,"EUR","FUT",20170907,,,,,2150978,2017-07-28,19:29,161.99,161.99,161.99,161.99,15,6
"DE000C0JK5K6","FDAX","DAX","DE0008469008","EUR","FUT",20170915,,,,,2163021,2017-07-28,19:29,12157.5,12158,12157.5,12158,4,4
"DE000C0JK5P5","FDXM","DAX","DE0008469008","EUR","FUT",20170915,,,,,2163025,2017-07-28,19:29,12158,12158,12158,12158,1,1
"DE000C0JK6C1","FESX","SX5E","EU0009658145","EUR","FUT",20170915,,,,,2163048,2017-07-28,19:29,3461,3461,3461,3461,270,8
"DE000C0HRXQ3","FGBL",,,"EUR","FUT",20170907,,,,,2150978,2017-07-28,19:30,161.99,161.99,161.98,161.99,20,8
"DE000C0JK5K6","FDAX","DAX","DE0008469008","EUR","FUT",20170915,,,,,2163021,2017-07-28,19:30,12158,12159,12157,12159,10,8
"DE000C0JK5P5","FDXM","DAX","DE0008469008","EUR","FUT",20170915,,,,,2163025,2017-07-28,19:30,12159,12159,12158,12159,7,6
"DE000C0JK6C1","FESX","SX5E","EU0009658145","EUR","FUT",20170915,,,,,2163048,2017-07-28,19:30,3461,3462,3460,3462,95,8
"DE000C0HRXQ3","FGBL",,,"EUR","FUT",20170907,,,,,2150978,2017-07-28,19:31,161.99,161.99,161.99,161.99,20,6
"DE000C0HRXT7","FGBX",,,"EUR","FUT",20170907,,,,,2150981,2017-07-28,19:31,161.6,161.6,161.6,161.6,1,1
"DE000C0JK5K6","FDAX","DAX","DE0008469008","EUR","FUT",20170915,,,,,2163021,2017-07-28,19:31,12158.5,12160.5,12158.5,12160,71,21
"DE000C0JK5P5","FDXM","DAX","DE0008469008","EUR","FUT",20170915,,,,,2163025,2017-07-28,19:31,12158,12159,12158,12159,7,3
"DE000C0JK6C1","FESX","SX5E","EU0009658145","EUR","FUT",20170915,,,,,2163048,2017-07-28,19:31,3461,3462,3461,3461,7,3
"DE000C0HRXQ3","FGBL",,,"EUR","FUT",20170907,,,,,2150978,2017-07-28,19:32,161.99,162,161.98,162,53,12
"DE000C0JK5K6","FDAX","DAX","DE0008469008","EUR","FUT",20170915,,,,,2163021,2017-07-28,19:32,12160.5,12161.5,12160,12160.5,23,17
"DE000C0JK5P5","FDXM","DAX","DE0008469008","EUR","FUT",20170915,,,,,2163025,2017-07-28,19:32,12161,12161,12161,12161,2,1
"DE000C0JK6C1","FESX","SX5E","EU0009658145","EUR","FUT",20170915,,,,,2163048,2017-07-28,19:32,3461,3462,3461,3461,14,3
"DE000C0JK750","FSMI","SMI","CH0009980894","CHF","FUT",20170915,,,,,2163075,2017-07-28,19:32,9030,9030,9030,9030,1,1
"DE000C0HRXQ3","FGBL",,,"EUR","FUT",20170907,,,,,2150978,2017-07-28,19:33,162,162,161.99,161.99,15,4
"DE000C0HRXR1","FGBM",,,"EUR","FUT",20170907,,,,,2150979,2017-07-28,19:33,132.11,132.11,132.11,132.11,12,5
"DE000C0JK5K6","FDAX","DAX","DE0008469008","EUR","FUT",20170915,,,,,2163021,2017-07-28,19:33,12161,12161.5,12160.5,12160.5,22,8
"DE000C0JK6C1","FESX","SX5E","EU0009658145","EUR","FUT",20170915,,,,,2163048,2017-07-28,19:33,3462,3462,3461,3462,7,3
"DE000C0HRXQ3","FGBL",,,"EUR","FUT",20170907,,,,,2150978,2017-07-28,19:34,162,162,162,162,14,4
"DE000C0HRXS9","FGBS",,,"EUR","FUT",20170907,,,,,2150980,2017-07-28,19:34,112.07,112.07,112.07,112.07,2,2
"DE000C0JK5K6","FDAX","DAX","DE0008469008","EUR","FUT",20170915,,,,,2163021,2017-07-28,19:34,12160.5,12161.5,12160.5,12161,14,10
"DE000C0JK5P5","FDXM","DAX","DE0008469008","EUR","FUT",20170915,,,,,2163025,2017-07-28,19:34,12162,12162,12161,12161,2,2
"DE000C0JK6C1","FESX","SX5E","EU0009658145","EUR","FUT",20170915,,,,,2163048,2017-07-28,19:34,3461,3462,3461,3462,6,2
"DE000C0HRXQ3","FGBL",,,"EUR","FUT",20170907,,,,,2150978,2017-07-28,19:35,162,162,161.99,162,15,4
"DE000C0HRXT7","FGBX",,,"EUR","FUT",20170907,,,,,2150981,2017-07-28,19:35,161.62,161.62,161.62,161.62,6,3
"DE000C0JK5K6","FDAX","DAX","DE0008469008","EUR","FUT",20170915,,,,,2163021,2017-07-28,19:35,12161,12161.5,12161,12161.5,5,4
"DE000C0JK5P5","FDXM","DAX","DE0008469008","EUR","FUT",20170915,,,,,2163025,2017-07-28,19:35,12162,12162,12162,12162,1,1
"DE000C0JK6C1","FESX","SX5E","EU0009658145","EUR","FUT",20170915,,,,,2163048,2017-07-28,19:35,3462,3462,3461,3461,24,4
"DE000C0HRXQ3","FGBL",,,"EUR","FUT",20170907,,,,,2150978,2017-07-28,19:36,162,162,161.99,161.99,30,17
"DE000C0JK5K6","FDAX","DAX","DE0008469008","EUR","FUT",20170915,,,,,2163021,2017-07-28,19:36,12161.5,12162,12159.5,12161,33,13
"DE000C0JK5P5","FDXM","DAX","DE0008469008","EUR","FUT",20170915,,,,,2163025,2017-07-28,19:36,12162,12162,12161,12161,3,2
"DE000C0JK6C1","FESX","SX5E","EU0009658145","EUR","FUT",20170915,,,,,2163048,2017-07-28,19:36,3461,3462,3461,3461,16,4
"DE000C0JK750","FSMI","SMI","CH0009980894","CHF","FUT",20170915,,,,,2163075,2017-07-28,19:36,9030,9030,9030,9030,1,1
"DE000C0HRXQ3","FGBL",,,"EUR","FUT",20170907,,,,,2150978,2017-07-28,19:37,162,162.01,161.99,162.01,71,16
"DE000C0HRXT7","FGBX",,,"EUR","FUT",20170907,,,,,2150981,2017-07-28,19:37,161.64,161.64,161.64,161.64,14,10
"DE000C0JK5K6","FDAX","DAX","DE0008469008","EUR","FUT",20170915,,,,,2163021,2017-07-28,19:37,12161,12161.5,12161,12161,8,5
"DE000C0JK5P5","FDXM","DAX","DE0008469008","EUR","FUT",20170915,,,,,2163025,2017-07-28,19:37,12161,12162,12161,12162,2,2
"DE000C0JK6C1","FESX","SX5E","EU0009658145","EUR","FUT",20170915,,,,,2163048,2017-07-28,19:37,3461,3461,3461,3461,5,1
"DE000C0HRXQ3","FGBL",,,"EUR","FUT",20170907,,,,,2150978,2017-07-28,19:38,162.01,162.01,162,162.01,53,5
"DE000C0HRXR1","FGBM",,,"EUR","FUT",20170907,,,,,2150979,2017-07-28,19:38,132.12,132.12,132.12,132.12,70,35
"DE000C0JK5K6","FDAX","DAX","DE0008469008","EUR","FUT",20170915,,,,,2163021,2017-07-28,19:38,12161.5,12161.5,12161.5,12161.5,10,9
"DE000C0JK5P5","FDXM","DAX","DE0008469008","EUR","FUT",20170915,,,,,2163025,2017-07-28,19:38,12161,12161,12161,12161,2,1
"DE000C0JK6C1","FESX","SX5E","EU0009658145","EUR","FUT",20170915,,,,,2163048,2017-07-28,19:38,3461,3461,3461,3461,85,3
"DE000C0HRXQ3","FGBL",,,"EUR","FUT",20170907,,,,,2150978,2017-07-28,19:39,162.01,162.01,162.01,162.01,27,4
"DE000C0HRXR1","FGBM",,,"EUR","FUT",20170907,,,,,2150979,2017-07-28,19:39,132.12,132.12,132.12,132.12,1,1
"DE000C0JK5K6","FDAX","DAX","DE0008469008","EUR","FUT",20170915,,,,,2163021,2017-07-28,19:39,12161,12161,12161,12161,3,1
"DE000C0JK5P5","FDXM","DAX","DE0008469008","EUR","FUT",20170915,,,,,2163025,2017-07-28,19:39,12162,12162,12162,12162,5,3
"DE000C0JK5V3","FESB","SX7E","EU0009658426","EUR","FUT",20170915,,,,,2163031,2017-07-28,19:39,136.1,136.1,136.1,136.1,22,1
"DE000C0JK6C1","FESX","SX5E","EU0009658145","EUR","FUT",20170915,,,,,2163048,2017-07-28,19:39,3461,3462,3461,3461,26,5
"DE000C0HRXQ3","FGBL",,,"EUR","FUT",20170907,,,,,2150978,2017-07-28,19:40,162.01,162.02,162.01,162.01,104,20
"DE000C0HRXS9","FGBS",,,"EUR","FUT",20170907,,,,,2150980,2017-07-28,19:40,112.075,112.075,112.075,112.075,1,1
"DE000C0JK5K6","FDAX","DAX","DE0008469008","EUR","FUT",20170915,,,,,2163021,2017-07-28,19:40,12161,12162,12161,12162,16,9
"DE000C0JK5P5","FDXM","DAX","DE0008469008","EUR","FUT",20170915,,,,,2163025,2017-07-28,19:40,12163,12163,12163,12163,2,1
"DE000C0JK6C1","FESX","SX5E","EU0009658145","EUR","FUT",20170915,,,,,2163048,2017-07-28,19:40,3462,3462,3461,3462,10,5
"DE000C0HRXQ3","FGBL",,,"EUR","FUT",20170907,,,,,2150978,2017-07-28,19:41,162.01,162.02,162.01,162.01,28,8
"DE000C0HRXT7","FGBX",,,"EUR","FUT",20170907,,,,,2150981,2017-07-28,19:41,161.66,161.66,161.66,161.66,1,1
"DE000C0JK5K6","FDAX","DAX","DE0008469008","EUR","FUT",20170915,,,,,2163021,2017-07-28,19:41,12162,12164,12162,12163.5,57,28
"DE000C0JK5P5","FDXM","DAX","DE0008469008","EUR","FUT",20170915,,,,,2163025,2017-07-28,19:41,12163,12164,12162,12164,6,5
"DE000C0JK6C1","FESX","SX5E","EU0009658145","EUR","FUT",20170915,,,,,2163048,2017-07-28,19:41,3462,3462,3461,3462,24,8
"DE000C0JK750","FSMI","SMI","CH0009980894","CHF","FUT",20170915,,,,,2163075,2017-07-28,19:41,9032,9032,9032,9032,2,1
"DE000C0HRXQ3","FGBL",,,"EUR","FUT",20170907,,,,,2150978,2017-07-28,19:42,162.01,162.01,162.01,162.01,45,5
"DE000C0JK5K6","FDAX","DAX","DE0008469008","EUR","FUT",20170915,,,,,2163021,2017-07-28,19:42,12162.5,12163.5,12162.5,12163.5,17,11
"DE000C0JK5P5","FDXM","DAX","DE0008469008","EUR","FUT",20170915,,,,,2163025,2017-07-28,19:42,12164,12164,12164,12164,3,2
"DE000C0JK6C1","FESX","SX5E","EU0009658145","EUR","FUT",20170915,,,,,2163048,2017-07-28,19:42,3461,3462,3461,3462,8,2
"DE000C0HRXQ3","FGBL",,,"EUR","FUT",20170907,,,,,2150978,2017-07-28,19:43,162.02,162.02,162.02,162.02,20,4
"DE000C0JK5K6","FDAX","DAX","DE0008469008","EUR","FUT",20170915,,,,,2163021,2017-07-28,19:43,12163.5,12164,12163,12163.5,32,21
"DE000C0JK5P5","FDXM","DAX","DE0008469008","EUR","FUT",20170915,,,,,2163025,2017-07-28,19:43,12164,12165,12164,12165,4,3
"DE000C0JK6C1","FESX","SX5E","EU0009658145","EUR","FUT",20170915,,,,,2163048,2017-07-28,19:43,3462,3462,3461,3462,331,12
"DE000C0JK750","FSMI","SMI","CH0009980894","CHF","FUT",20170915,,,,,2163075,2017-07-28,19:43,9032,9032,9031,9031,17,17
"DE000C0HRXQ3","FGBL",,,"EUR","FUT",20170907,,,,,2150978,2017-07-28,19:44,162.01,162.02,162.01,162.02,29,9
"DE000C0JK5K6","FDAX","DAX","DE0008469008","EUR","FUT",20170915,,,,,2163021,2017-07-28,19:44,12164,12164.5,12163.5,12164,48,10
"DE000C0JK5P5","FDXM","DAX","DE0008469008","EUR","FUT",20170915,,,,,2163025,2017-07-28,19:44,12164,12165,12164,12165,3,3
"DE000C0JK6C1","FESX","SX5E","EU0009658145","EUR","FUT",20170915,,,,,2163048,2017-07-28,19:44,3462,3462,3461,3461,10,3
"DE000C0JK750","FSMI","SMI","CH0009980894","CHF","FUT",20170915,,,,,2163075,2017-07-28,19:44,9030,9030,9029,9029,9,4
"DE000C0KMAP8","FVS","V2TX","DE000A0C3QF1","EUR","FUT",20170816,,,,,2195792,2017-07-28,19:44,14.6,14.6,14.6,14.6,2,1
"DE000C0M6PH6","FVS","V2TX","DE000A0C3QF1","EUR","FUT",20170920,,,,,2223995,2017-07-28,19:44,15.65,15.65,15.65,15.65,2,1
"DE000C0M7Z06","FVS","V2TX","DE000A0C3QF1","EUR","MLEG",,,,"FVS.S.AUG17.SEP17",,72061120206078301,2017-07-28,19:44,-1.05,-1.05,-1.05,-1.05,2,1
"DE000C0HRXQ3","FGBL",,,"EUR","FUT",20170907,,,,,2150978,2017-07-28,19:45,162.01,162.01,162.01,162.01,28,6
"DE000C0JK5K6","FDAX","DAX","DE0008469008","EUR","FUT",20170915,,,,,2163021,2017-07-28,19:45,12164,12165.5,12163.5,12165,49,35
"DE000C0JK5P5","FDXM","DAX","DE0008469008","EUR","FUT",20170915,,,,,2163025,2017-07-28,19:45,12164,12165,12163,12165,22,22
"DE000C0JK6C1","FESX","SX5E","EU0009658145","EUR","FUT",20170915,,,,,2163048,2017-07-28,19:45,3462,3462,3461,3461,31,3
"DE000C0JK750","FSMI","SMI","CH0009980894","CHF","FUT",20170915,,,,,2163075,2017-07-28,19:45,9030,9031,9027,9028,17,9
"DE000C0HRXQ3","FGBL",,,"EUR","FUT",20170907,,,,,2150978,2017-07-28,19:46,162.01,162.01,162,162.01,19,7
"DE000C0JK5K6","FDAX","DAX","DE0008469008","EUR","FUT",20170915,,,,,2163021,2017-07-28,19:46,12164.5,12165,12164,12164.5,8,5
"DE000C0JK5P5","FDXM","DAX","DE0008469008","EUR","FUT",20170915,,,,,2163025,2017-07-28,19:46,12166,12166,12163,12163,16,12
"DE000C0JK6C1","FESX","SX5E","EU0009658145","EUR","FUT",20170915,,,,,2163048,2017-07-28,19:46,3462,3462,3461,3462,57,11
"DE000C0JK750","FSMI","SMI","CH0009980894","CHF","FUT",20170915,,,,,2163075,2017-07-28,19:46,9026,9029,9026,9026,14,6
"DE000C0NSEM8","FESX","SX5E","EU0009658145","EUR","FUT",20171215,,,,,2258376,2017-07-28,19:46,3447,3447,3447,3447,1,1
"DE000C0HRXQ3","FGBL",,,"EUR","FUT",20170907,,,,,2150978,2017-07-28,19:47,162.01,162.01,162,162.01,36,7
"DE000C0HRXR1","FGBM",,,"EUR","FUT",20170907,,,,,2150979,2017-07-28,19:47,132.12,132.12,132.12,132.12,8,1
"DE000C0HRXT7","FGBX",,,"EUR","FUT",20170907,,,,,2150981,2017-07-28,19:47,161.66,161.66,161.66,161.66,5,2
"DE000C0JK5K6","FDAX","DAX","DE0008469008","EUR","FUT",20170915,,,,,2163021,2017-07-28,19:47,12165,12165.5,12164.5,12164.5,28,13
"DE000C0JK5V3","FESB","SX7E","EU0009658426","EUR","FUT",20170915,,,,,2163031,2017-07-28,19:47,136.2,136.2,136.2,136.2,7,4
"DE000C0JK6C1","FESX","SX5E","EU0009658145","EUR","FUT",20170915,,,,,2163048,2017-07-28,19:47,3462,3462,3461,3461,59,6
"DE000C0JK750","FSMI","SMI","CH0009980894","CHF","FUT",20170915,,,,,2163075,2017-07-28,19:47,9025,9028,9025,9026,18,8
"DE000C0HRXQ3","FGBL",,,"EUR","FUT",20170907,,,,,2150978,2017-07-28,19:48,162,162,161.99,162,34,8
"DE000C0HRXT7","FGBX",,,"EUR","FUT",20170907,,,,,2150981,2017-07-28,19:48,161.64,161.64,161.64,161.64,6,3
"DE000C0JK5K6","FDAX","DAX","DE0008469008","EUR","FUT",20170915,,,,,2163021,2017-07-28,19:48,12165,12165,12164,12165,63,29
"DE000C0JK5P5","FDXM","DAX","DE0008469008","EUR","FUT",20170915,,,,,2163025,2017-07-28,19:48,12164,12165,12164,12164,10,8
"DE000C0JK6C1","FESX","SX5E","EU0009658145","EUR","FUT",20170915,,,,,2163048,2017-07-28,19:48,3461,3462,3461,3461,760,36
"DE000C0JK750","FSMI","SMI","CH0009980894","CHF","FUT",20170915,,,,,2163075,2017-07-28,19:48,9028,9028,9025,9025,4,2
"DE000C0HRXQ3","FGBL",,,"EUR","FUT",20170907,,,,,2150978,2017-07-28,19:49,162,162.01,161.99,162,39,8
"DE000C0HRXR1","FGBM",,,"EUR","FUT",20170907,,,,,2150979,2017-07-28,19:49,132.12,132.12,132.11,132.12,54,4
"DE000C0HRXS9","FGBS",,,"EUR","FUT",20170907,,,,,2150980,2017-07-28,19:49,112.07,112.07,112.07,112.07,9,3
"DE000C0JK5K6","FDAX","DAX","DE0008469008","EUR","FUT",20170915,,,,,2163021,2017-07-28,19:49,12164.5,12166,12164.5,12165,13,9
"DE000C0JK5P5","FDXM","DAX","DE0008469008","EUR","FUT",20170915,,,,,2163025,2017-07-28,19:49,12166,12166,12166,12166,2,2
"DE000C0JK6C1","FESX","SX5E","EU0009658145","EUR","FUT",20170915,,,,,2163048,2017-07-28,19:49,3461,3462,3461,3462,160,7
"DE000C0PNL60","FVS","V2TX","DE000A0C3QF1","EUR","FUT",20171018,,,,,2267753,2017-07-28,19:49,16.35,16.35,16.35,16.35,2,2
"DE000C0HRXQ3","FGBL",,,"EUR","FUT",20170907,,,,,2150978,2017-07-28,19:50,162,162.01,162,162.01,21,5
"DE000C0HRXR1","FGBM",,,"EUR","FUT",20170907,,,,,2150979,2017-07-28,19:50,132.11,132.11,132.11,132.11,9,3
"DE000C0HRXS9","FGBS",,,"EUR","FUT",20170907,,,,,2150980,2017-07-28,19:50,112.07,112.07,112.07,112.07,1,1
"DE000C0HRXT7","FGBX",,,"EUR","FUT",20170907,,,,,2150981,2017-07-28,19:50,161.64,161.64,161.64,161.64,3,2
"DE000C0JK5K6","FDAX","DAX","DE0008469008","EUR","FUT",20170915,,,,,2163021,2017-07-28,19:50,12166,12167.5,12166,12166,60,49
"DE000C0JK5P5","FDXM","DAX","DE0008469008","EUR","FUT",20170915,,,,,2163025,2017-07-28,19:50,12166,12167,12166,12166,5,5
"DE000C0JK5V3","FESB","SX7E","EU0009658426","EUR","FUT",20170915,,,,,2163031,2017-07-28,19:50,136.1,136.1,136.1,136.1,1,1
"DE000C0JK6C1","FESX","SX5E","EU0009658145","EUR","FUT",20170915,,,,,2163048,2017-07-28,19:50,3462,3462,3461,3461,26,5
"DE000C0KMAP8","FVS","V2TX","DE000A0C3QF1","EUR","FUT",20170816,,,,,2195792,2017-07-28,19:50,14.65,14.65,14.65,14.65,5,1
"DE000C0HRXQ3","FGBL",,,"EUR","FUT",20170907,,,,,2150978,2017-07-28,19:51,162.01,162.01,161.99,162,58,11
"DE000C0HRXR1","FGBM",,,"EUR","FUT",20170907,,,,,2150979,2017-07-28,19:51,132.11,132.11,132.11,132.11,26,6
"DE000C0HRXT7","FGBX",,,"EUR","FUT",20170907,,,,,2150981,2017-07-28,19:51,161.64,161.64,161.64,161.64,3,1
"DE000C0JK5K6","FDAX","DAX","DE0008469008","EUR","FUT",20170915,,,,,2163021,2017-07-28,19:51,12166,12166,12165,12165,20,11
"DE000C0JK5P5","FDXM","DAX","DE0008469008","EUR","FUT",20170915,,,,,2163025,2017-07-28,19:51,12165,12166,12165,12166,3,3
"DE000C0JK6C1","FESX","SX5E","EU0009658145","EUR","FUT",20170915,,,,,2163048,2017-07-28,19:51,3461,3462,3461,3461,104,5
"DE000C0JK750","FSMI","SMI","CH0009980894","CHF","FUT",20170915,,,,,2163075,2017-07-28,19:51,9026,9026,9026,9026,1,1
"DE000C0HRXQ3","FGBL",,,"EUR","FUT",20170907,,,,,2150978,2017-07-28,19:52,162.01,162.01,162,162.01,14,4
"DE000C0JK5K6","FDAX","DAX","DE0008469008","EUR","FUT",20170915,,,,,2163021,2017-07-28,19:52,12164.5,12165,12163.5,12163.5,49,22
"DE000C0JK5P5","FDXM","DAX","DE0008469008","EUR","FUT",20170915,,,,,2163025,2017-07-28,19:52,12165,12165,12164,12164,5,3
"DE000C0JK6C1","FESX","SX5E","EU0009658145","EUR","FUT",20170915,,,,,2163048,2017-07-28,19:52,3461,3462,3461,3461,893,26
"DE000C0HRXQ3","FGBL",,,"EUR","FUT",20170907,,,,,2150978,2017-07-28,19:53,162.01,162.01,162,162,49,6
"DE000C0JK5K6","FDAX","DAX","DE0008469008","EUR","FUT",20170915,,,,,2163021,2017-07-28,19:53,12163,12164,12162.5,12163.5,25,19
"DE000C0JK5P5","FDXM","DAX","DE0008469008","EUR","FUT",20170915,,,,,2163025,2017-07-28,19:53,12163,12163,12162,12163,5,4
"DE000C0JK6C1","FESX","SX5E","EU0009658145","EUR","FUT",20170915,,,,,2163048,2017-07-28,19:53,3460,3462,3460,3461,406,23
"DE000C0HRXQ3","FGBL",,,"EUR","FUT",20170907,,,,,2150978,2017-07-28,19:54,162.01,162.02,162.01,162.02,51,18
"DE000C0HRXR1","FGBM",,,"EUR","FUT",20170907,,,,,2150979,2017-07-28,19:54,132.11,132.11,132.11,132.11,12,2
"DE000C0HRXS9","FGBS",,,"EUR","FUT",20170907,,,,,2150980,2017-07-28,19:54,112.075,112.075,112.075,112.075,14,1
"DE000C0JK5K6","FDAX","DAX","DE0008469008","EUR","FUT",20170915,,,,,2163021,2017-07-28,19:54,12163,12163.5,12163,12163.5,21,17
"DE000C0JK5P5","FDXM","DAX","DE0008469008","EUR","FUT",20170915,,,,,2163025,2017-07-28,19:54,12163,12163,12162,12163,11,7
"DE000C0JK6C1","FESX","SX5E","EU0009658145","EUR","FUT",20170915,,,,,2163048,2017-07-28,19:54,3461,3462,3461,3461,172,14
"DE000C0JK750","FSMI","SMI","CH0009980894","CHF","FUT",20170915,,,,,2163075,2017-07-28,19:54,9026,9026,9024,9024,2,2
"DE000C0M6PH6","FVS","V2TX","DE000A0C3QF1","EUR","FUT",20170920,,,,,2223995,2017-07-28,19:54,15.7,15.7,15.7,15.7,30,3
"DE000C0HRXQ3","FGBL",,,"EUR","FUT",20170907,,,,,2150978,2017-07-28,19:55,162.01,162.02,162.01,162.02,43,17
"DE000C0JK5K6","FDAX","DAX","DE0008469008","EUR","FUT",20170915,,,,,2163021,2017-07-28,19:55,12164,12167,12163.5,12167,50,35
"DE000C0JK5P5","FDXM","DAX","DE0008469008","EUR","FUT",20170915,,,,,2163025,2017-07-28,19:55,12164,12166,12163,12166,15,14
"DE000C0JK6C1","FESX","SX5E","EU0009658145","EUR","FUT",20170915,,,,,2163048,2017-07-28,19:55,3461,3462,3461,3461,175,6
"DE000C0JK750","FSMI","SMI","CH0009980894","CHF","FUT",20170915,,,,,2163075,2017-07-28,19:55,9026,9029,9025,9029,33,11
"DE000C0HRXQ3","FGBL",,,"EUR","FUT",20170907,,,,,2150978,2017-07-28,19:56,162.02,162.02,162.01,162.01,79,12
"DE000C0HRXT7","FGBX",,,"EUR","FUT",20170907,,,,,2150981,2017-07-28,19:56,161.64,161.64,161.64,161.64,1,1
"DE000C0JK5K6","FDAX","DAX","DE0008469008","EUR","FUT",20170915,,,,,2163021,2017-07-28,19:56,12167,12167.5,12165.5,12166,22,15
"DE000C0JK5P5","FDXM","DAX","DE0008469008","EUR","FUT",20170915,,,,,2163025,2017-07-28,19:56,12166,12167,12166,12167,5,4
"DE000C0JK6C1","FESX","SX5E","EU0009658145","EUR","FUT",20170915,,,,,2163048,2017-07-28,19:56,3461,3462,3461,3462,186,15
"DE000C0JK750","FSMI","SMI","CH0009980894","CHF","FUT",20170915,,,,,2163075,2017-07-28,19:56,9030,9031,9030,9031,6,4
"DE000C0JK7X5","FXXP","SXXP","EU0009658202","EUR","FUT",20170915,,,,,2163101,2017-07-28,19:56,377.3,377.5,377.3,377.5,17,2
"DE000C0HRXQ3","FGBL",,,"EUR","FUT",20170907,,,,,2150978,2017-07-28,19:57,162.02,162.02,162.01,162.02,48,14
"DE000C0JK5K6","FDAX","DAX","DE0008469008","EUR","FUT",20170915,,,,,2163021,2017-07-28,19:57,12164.5,12165.5,12163,12164,28,22
"DE000C0JK5P5","FDXM","DAX","DE0008469008","EUR","FUT",20170915,,,,,2163025,2017-07-28,19:57,12164,12165,12163,12165,5,4
"DE000C0JK6C1","FESX","SX5E","EU0009658145","EUR","FUT",20170915,,,,,2163048,2017-07-28,19:57,3461,3461,3460,3461,467,44
"DE000C0JK750","FSMI","SMI","CH0009980894","CHF","FUT",20170915,,,,,2163075,2017-07-28,19:57,9031,9032,9029,9032,9,5
"DE000C0JK7X5","FXXP","SXXP","EU0009658202","EUR","FUT",20170915,,,,,2163101,2017-07-28,19:57,377,377,377,377,100,2
"DE000C0HRXQ3","FGBL",,,"EUR","FUT",20170907,,,,,2150978,2017-07-28,19:58,162.01,162.02,162,162.02,24,12
"DE000C0HRXR1","FGBM",,,"EUR","FUT",20170907,,,,,2150979,2017-07-28,19:58,132.1,132.1,132.1,132.1,68,2
"DE000C0HRXT7","FGBX",,,"EUR","FUT",20170907,,,,,2150981,2017-07-28,19:58,161.62,161.62,161.62,161.62,1,1
"DE000C0JK5K6","FDAX","DAX","DE0008469008","EUR","FUT",20170915,,,,,2163021,2017-07-28,19:58,12164,12164.5,12161.5,12163.5,65,41
"DE000C0JK5P5","FDXM","DAX","DE0008469008","EUR","FUT",20170915,,,,,2163025,2017-07-28,19:58,12163,12163,12162,12162,7,4
"DE000C0JK6C1","FESX","SX5E","EU0009658145","EUR","FUT",20170915,,,,,2163048,2017-07-28,19:58,3461,3461,3460,3460,367,23
"DE000C0JK750","FSMI","SMI","CH0009980894","CHF","FUT",20170915,,,,,2163075,2017-07-28,19:58,9032,9032,9028,9028,14,4
"DE000C0HRXQ3","FGBL",,,"EUR","FUT",20170907,,,,,2150978,2017-07-28,19:59,162.02,162.03,162.01,162.03,63,30
"DE000C0HRXR1","FGBM",,,"EUR","FUT",20170907,,,,,2150979,2017-07-28,19:59,132.1,132.11,132.1,132.11,37,9
"DE000C0HRXS9","FGBS",,,"EUR","FUT",20170907,,,,,2150980,2017-07-28,19:59,112.075,112.075,112.075,112.075,3,3
"DE000C0HRXT7","FGBX",,,"EUR","FUT",20170907,,,,,2150981,2017-07-28,19:59,161.62,161.68,161.62,161.62,5,4
"DE000C0JK5K6","FDAX","DAX","DE0008469008","EUR","FUT",20170915,,,,,2163021,2017-07-28,19:59,12164,12167,12163,12166.5,78,38
"DE000C0JK5P5","FDXM","DAX","DE0008469008","EUR","FUT",20170915,,,,,2163025,2017-07-28,19:59,12164,12170,12162,12170,23,15
"DE000C0JK5V3","FESB","SX7E","EU0009658426","EUR","FUT",20170915,,,,,2163031,2017-07-28,19:59,136.1,136.1,136,136,190,6
"DE000C0JK6C1","FESX","SX5E","EU0009658145","EUR","FUT",20170915,,,,,2163048,2017-07-28,19:59,3460,3462,3460,3461,1012,75
"DE000C0JK750","FSMI","SMI","CH0009980894","CHF","FUT",20170915,,,,,2163075,2017-07-28,19:59,9029,9032,9025,9025,36,16
